usFirstName,usLastName,usStreetNumber,usStreetName,usCity,usState,usZip,usPhone,usSSN
Maxine,Hendricks,130,Robert Ln,Toledo,NM,95949,232-973-5748,268-81-8732
Juliet,Randle,14332,S Charles St,Los Alamos,NM,87544,870-063-6405,545-41-1101
Adelina,Mcdonough,107,Co Highway 1883,Los Alamos,NC,95949,150-407-7170,648-29-8994
Joanna,Leslie,1340,Paul Alston Dr,Portland,FL,43611,773-458-9205,521-84-2211
Brenton,Shipman,1313,Timberland Drive,Los Alamos,NC,87547,957-152-3474,540-64-1261
Sasha,Luke,3723,Se Alder Ct,Toledo,OR,43604,037-040-6528,236-37-6809
Agnes,Tran,10138,N Gurney St,Rochester,OR,32433,659-333-1326,233-32-2044
Dolly,Pearson,185,Us Highway 331  S,Siler City,OH,27559,506-956-5181,581-41-9756
Trina,Tharp,1920,S St Clair St,Burlington,CA,32459,286-244-4299,714-36-3999
Woodrow,Deal,14874,Chestnut St,Grass Valley,NM,27312,117-540-5740,490-88-0357
Erica,Pacheco,218,Bayou Landing Rd,Moncure,CA,32461,951-980-5151,767-89-6942
Aldo,Rucker,24,Shoemaker Dr,Burlington,NM,27516,073-589-5661,585-55-1251
Dion,Hopson,40,Trail One,Moncure,OH,27312,649-890-3288,675-60-0260
Francis,Mclain,141,Co Highway 147  W,Los Alamos,CA,27344,397-647-2517,342-09-2869
Leland,Mclaughlin,1,San Ildefonso Rd,Los Alamos,NC,27302,305-071-4248,409-78-1605
Elisa,Hudgins,2722,Se 24Th Ct,Grass Valley,OH,87544,499-356-5417,875-27-5720
Bryant,Bellamy,17,Cheryl Ave,Santa Rosa Beach,OH,32433,833-933-0807,855-39-6862
Mitchell,Winston,111,Golf Club Dr,Los Alamos,NC,43604,102-572-8335,073-72-3421
Josue,Starkey,1018,Ne Liberty Ave,Burlington,OH,95949,612-210-1829,840-85-8719
Stacey,Youngblood,1360,N Summit St,Freeport,CA,87544,358-988-6283,048-70-1192
Arline,Metz,144,N Superior St,Freeport,OR,87544,930-160-2511,517-28-2288
Jean,Crews,14869,Gees Grove Rd,Burlington,FL,27207,099-376-9252,582-09-2359
Brent,Palmer,1422,Joe Brown Rd,Mebane,OR,43604,520-069-3093,033-79-8186
Willie,Ogden,672,Tewa Loop,Grass Valley,FL,43611,656-639-4436,011-55-4570
Annette,Jeffries,222,Beach Av,Los Alamos,FL,43604,229-220-2936,044-06-5803
Vida,Burrell,1158,Oak Ave,Toledo,NC,14611,658-359-4475,650-40-0692
Tyrone,Sumner,1074,Keith Dr,Toledo,OR,43604,121-495-0822,217-03-3899
Russel,Boyce,235,N Superior St,Santa Rosa Beach,OH,95949,174-002-0158,790-04-5785
Wilson,Everett,417,Engleman Av,Burlington,OH,87544,557-008-5836,669-93-5246
Normand,Napier,1023,N Summit St,Toledo,CA,87544,288-516-6021,449-76-9733
Robt,Hollis,288,Siler City Glendon Rd,Los Alamos,NY,87544,130-032-3501,418-88-2450
Lou,Connors,1704,Ervin Headen Rd,Chapel Hill,FL,97030,491-668-1643,287-57-6400
Tracie,Bergman,14856,N Summit St,Grass Valley,NC,14611,980-035-4254,879-06-8275
Drew,Young,10168,Locust St,Toledo,OR,87544,298-082-7322,451-48-6831
Claudine,Hutson,101,Dalewood Way,Rochester,NC,95949,505-553-8706,570-36-2033
Lupe,Raymond,10135,Braddock St,Burlington,NC,87544,173-304-8831,459-57-9385
Rosalinda,Shaffer,863,Myrtle St,Grass Valley,OR,95949,860-789-4969,551-03-1433
Gilda,Goodman,3111,Pusley Hill Rd,Toledo,OH,95949,924-398-3739,424-59-6135
Kevin,Frank,112,S Church St,Siler City,OR,95949,848-010-7027,341-96-1943
Gayla,Galloway,72,Nowling Dr,Toledo,NM,87544,714-589-4999,143-47-8476
Randell,Wiley,1915,N Summit St,Freeport,NC,32435,459-826-3436,857-77-9451
Britt,Goldstein,10146,Woodleaf Circle,Cary,NC,95949,192-951-9675,511-17-4462
Otto,Wagoner,169,Nambe Loop,Ponce De Leon,NC,27344,932-868-1536,480-83-1222
Nellie,Snell,2401,Ridgeway Dr,Chapel Hill,FL,87544,659-652-2576,304-65-9306
Theresa,Sierra,107,Co Highway 183  S,Rochester,CA,95949,000-961-7493,602-47-7515
Ricky,Pratt,215,Camino Redondo,Toledo,NC,43604,944-362-0787,661-42-6277
Jesus,Gaines,14872,Elm St,Burlington,NM,95949,426-955-3175,021-91-2232
Aileen,Epps,134,Tewa Loop,Los Alamos,NM,97030,681-601-7793,777-75-9157
Garland,Ayers,314,Nc 87  S,Grass Valley,NY,27312,982-191-2593,807-63-0445
Sherman,Parham,1025,Lakewood Falls Rd,Gresham,NC,87544,164-041-2554,403-57-7822